{
    "observation.state": {
        "mean": [
            -0.03941527009010315,
            0.03069855459034443,
            0.8468760251998901,
            2.931109666824341,
            -0.6195143461227417,
            -0.17097754776477814,
            0.02833620458841324,
            -0.02856614999473095
        ],
        "std": [
            0.10526080429553986,
            0.1382676213979721,
            0.2530566453933716,
            0.30687347054481506,
            1.2482975721359253,
            0.3416910767555237,
            0.013251462019979954,
            0.01324787549674511
        ],
        "min": [
            -0.4733090102672577,
            -0.32225528359413147,
            0.4457978308200836,
            1.6792453527450562,
            -3.4625906944274902,
            -1.597330093383789,
            -0.00125883799046278,
            -0.040920428931713104
        ],
        "max": [
            0.223061665892601,
            0.3715834617614746,
            1.3311148881912231,
            3.548374891281128,
            3.0981578826904297,
            0.8673256635665894,
            0.04131488502025604,
            0.00023416054318659008
        ],
        "q01": [
            -0.36402849018573763,
            -0.2869890969991684,
            0.44918970406055453,
            2.0306894731521608,
            -2.9003137969970703,
            -1.1042667388916017,
            0.001984412502497435,
            -0.040004329830408095
        ],
        "q99": [
            0.1542142805457115,
            0.27999168992042567,
            1.2514138984680176,
            3.3076549816131595,
            2.6754459810256965,
            0.6421820747852331,
            0.04001463182270527,
            -0.0017458351119421405
        ]
    },
    "action": {
        "mean": [
            0.027811825275421143,
            0.057029157876968384,
            -0.053676821291446686,
            0.005532956216484308,
            0.00037559072370640934,
            -0.009501820430159569,
            -0.06688781082630157
        ],
        "std": [
            0.40399834513664246,
            0.36997005343437195,
            0.3691088855266571,
            0.03229302912950516,
            0.04333703964948654,
            0.08866705745458603,
            0.9812110662460327
        ],
        "min": [
            -1.0,
            -1.0284112691879272,
            -0.9946680665016174,
            -0.16719555854797363,
            -0.26970577239990234,
            -0.3722119927406311,
            -1.0414185523986816
        ],
        "max": [
            1.0,
            0.9352033138275146,
            1.0610772371292114,
            0.2306833416223526,
            0.2218388020992279,
            0.4228208661079407,
            1.0612473487854004
        ],
        "q01": [
            -0.8010853266716004,
            -0.7915664756298065,
            -0.7492924475669861,
            -0.07321988552808761,
            -0.11653737902641297,
            -0.2985020411014557,
            -0.9992686414718628
        ],
        "q99": [
            0.9974025082588199,
            0.8556240153312684,
            0.9599785757064819,
            0.13775049984455112,
            0.12757093131542224,
            0.31675471544265765,
            1.023157069683075
        ]
    },
    "timestamp": {
        "mean": [
            6.4804463386535645
        ],
        "std": [
            4.215578079223633
        ],
        "min": [
            0.0
        ],
        "max": [
            25.850000381469727
        ],
        "q01": [
            0.10000000149011612
        ],
        "q99": [
            18.049999237060547
        ]
    },
    "frame_index": {
        "mean": [
            129.60891723632812
        ],
        "std": [
            84.31156158447266
        ],
        "min": [
            0.0
        ],
        "max": [
            517.0
        ],
        "q01": [
            2.0
        ],
        "q99": [
            361.0
        ]
    },
    "episode_index": {
        "mean": [
            135.709228515625
        ],
        "std": [
            80.75675201416016
        ],
        "min": [
            0.0
        ],
        "max": [
            264.0
        ],
        "q01": [
            2.0
        ],
        "q99": [
            262.0
        ]
    },
    "index": {
        "mean": [
            32603.0
        ],
        "std": [
            18823.638671875
        ],
        "min": [
            0.0
        ],
        "max": [
            65206.0
        ],
        "q01": [
            652.0600000000001
        ],
        "q99": [
            64553.94
        ]
    },
    "task_index": {
        "mean": [
            4.516922950744629
        ],
        "std": [
            3.0464553833007812
        ],
        "min": [
            0.0
        ],
        "max": [
            9.0
        ],
        "q01": [
            0.0
        ],
        "q99": [
            9.0
        ]
    }
}