{
  "task_id": 1,
  "episode_idx": 0,
  "task_description": "put both the cream cheese box and the butter in the basket",
  "num_successful_perturbed": 20,
  "trajectory_length": 241,
  "eiss_analysis": {
    "slope": 0.01468219773728533,
    "rho": 1.0147905106437787,
    "r_squared": 0.7006560177839914,
    "contraction_ratio": 220.4476188620223,
    "intercept": -3.746168900490361,
    "is_decaying": false,
    "strong_eiss": false,
    "monotonic_ratio": 0.29017857142857145,
    "std_first_half": 0.031331431168713626,
    "std_second_half": 0.09265479634966291,
    "std_decreasing": false
  }
}