{
  "task_id": 4,
  "episode_idx": 0,
  "task_description": "put the white mug on the left plate and put the yellow and white mug on the right plate",
  "num_successful_perturbed": 20,
  "trajectory_length": 218,
  "eiss_analysis": {
    "slope": 0.01455397520934802,
    "rho": 1.0146603999809145,
    "r_squared": 0.6317469454314967,
    "contraction_ratio": 234.77612714394675,
    "intercept": -4.281128961791748,
    "is_decaying": false,
    "strong_eiss": false,
    "monotonic_ratio": 0.24170616113744076,
    "std_first_half": 0.0266057170211587,
    "std_second_half": 0.055153449182011045,
    "std_decreasing": false
  }
}