{
  "task_id": 3,
  "episode_idx": 0,
  "task_description": "put the black bowl in the bottom drawer of the cabinet and close it",
  "num_successful_perturbed": 16,
  "trajectory_length": 219,
  "eiss_analysis": {
    "slope": 0.009476638880149081,
    "rho": 1.0095216844033241,
    "r_squared": 0.41898727996651497,
    "contraction_ratio": 434.947535748192,
    "intercept": -2.8872001679126753,
    "is_decaying": false,
    "strong_eiss": false,
    "monotonic_ratio": 0.29,
    "std_first_half": 0.04128911953091275,
    "std_second_half": 0.0906282888814529,
    "std_decreasing": false
  }
}