{
  "task_id": 6,
  "episode_idx": 0,
  "task_description": "put the white mug on the plate and put the chocolate pudding to the right of the plate",
  "num_successful_perturbed": 17,
  "trajectory_length": 225,
  "eiss_analysis": {
    "slope": 0.014649167446752596,
    "rho": 1.0147569923719444,
    "r_squared": 0.7569947589427712,
    "contraction_ratio": 419.62669058817784,
    "intercept": -4.0435901273422985,
    "is_decaying": false,
    "strong_eiss": false,
    "monotonic_ratio": 0.31155778894472363,
    "std_first_half": 0.02634253665105997,
    "std_second_half": 0.0792188224876813,
    "std_decreasing": false
  }
}