{
  "task_id": 9,
  "episode_idx": 0,
  "task_description": "put the yellow and white mug in the microwave and close it",
  "num_successful_perturbed": 14,
  "trajectory_length": 247,
  "eiss_analysis": {
    "slope": 0.01198499818928074,
    "rho": 1.012057106063051,
    "r_squared": 0.7037211701647377,
    "contraction_ratio": 593.2046279160353,
    "intercept": -3.18698404634071,
    "is_decaying": false,
    "strong_eiss": false,
    "monotonic_ratio": 0.3347826086956522,
    "std_first_half": 0.06683286790793563,
    "std_second_half": 0.12162094124336498,
    "std_decreasing": false
  }
}