{
  "task_id": 3,
  "episode_idx": 0,
  "task_description": "put the black bowl in the bottom drawer of the cabinet and close it",
  "num_successful_perturbed": 20,
  "trajectory_length": 230,
  "eiss_analysis": {
    "slope": 0.010286966363016336,
    "rho": 1.0103400590997196,
    "r_squared": 0.5136203381303517,
    "contraction_ratio": 241.8233026557634,
    "intercept": -3.061724476858599,
    "is_decaying": false,
    "strong_eiss": false,
    "monotonic_ratio": 0.4264705882352941,
    "std_first_half": 0.04939500920343815,
    "std_second_half": 0.09266027018148279,
    "std_decreasing": false
  }
}