{
  "task_id": 8,
  "episode_idx": 0,
  "task_description": "put both moka pots on the stove",
  "num_successful_perturbed": 20,
  "trajectory_length": 256,
  "eiss_analysis": {
    "slope": 0.006386227595071123,
    "rho": 1.0064066630251274,
    "r_squared": 0.5511814507157033,
    "contraction_ratio": 110.24605750435896,
    "intercept": -3.1880396457835625,
    "is_decaying": false,
    "strong_eiss": false,
    "monotonic_ratio": 0.403921568627451,
    "std_first_half": 0.02778593390905968,
    "std_second_half": 0.053922818377008824,
    "std_decreasing": false
  }
}