{
  "task_id": 1,
  "episode_idx": 0,
  "task_description": "put both the cream cheese box and the butter in the basket",
  "num_successful_perturbed": 20,
  "trajectory_length": 240,
  "eiss_analysis": {
    "slope": 0.01355132470224186,
    "rho": 1.013643560069046,
    "r_squared": 0.601987053794117,
    "contraction_ratio": 408.8447122659622,
    "intercept": -3.727712427973399,
    "is_decaying": false,
    "strong_eiss": false,
    "monotonic_ratio": 0.2555066079295154,
    "std_first_half": 0.03923463329450126,
    "std_second_half": 0.1269676326934043,
    "std_decreasing": false
  }
}