{
    "observation.state": {
        "mean": [
            -0.040049176663160324,
            0.027660025283694267,
            0.854968786239624,
            2.9294965267181396,
            -0.6381810307502747,
            -0.18216341733932495,
            0.028313083574175835,
            -0.02850467897951603
        ],
        "std": [
            0.10454470664262772,
            0.13888292014598846,
            0.2543949484825134,
            0.30296170711517334,
            1.2517073154449463,
            0.3471943736076355,
            0.013292920775711536,
            0.013294653035700321
        ],
        "min": [
            -0.44839322566986084,
            -0.31771984696388245,
            0.44566693902015686,
            1.2129244804382324,
            -3.354844570159912,
            -1.5939522981643677,
            -0.0010248249163851142,
            -0.041777681559324265
        ],
        "max": [
            0.22657176852226257,
            0.3860211968421936,
            1.333391547203064,
            3.802427291870117,
            3.390235185623169,
            1.3588086366653442,
            0.04215838015079498,
            0.0010651075281202793
        ],
        "q01": [
            -0.35528002977371215,
            -0.2860927551984787,
            0.4492915466427803,
            2.05263409614563,
            -2.7947128295898436,
            -1.0884386003017426,
            0.002004664018750191,
            -0.04000761415809393
        ],
        "q99": [
            0.15156545415520672,
            0.2761900722980499,
            1.2594488561153416,
            3.3130656838417054,
            2.682282841205597,
            0.6400365889072426,
            0.04001510236412287,
            -0.0017163311364129167
        ]
    },
    "action": {
        "mean": [
            0.027872806414961815,
            0.053532615303993225,
            -0.053904447704553604,
            0.005670609883964062,
            0.00029340118635445833,
            -0.009006812237203121,
            0.5355602502822876
        ],
        "std": [
            0.40155085921287537,
            0.37111273407936096,
            0.36390262842178345,
            0.03208014369010925,
            0.043403539806604385,
            0.09045372158288956,
            0.4904360771179199
        ],
        "min": [
            -1.0,
            -1.0357985496520996,
            -0.9781286716461182,
            -0.1806662380695343,
            -0.2568947970867157,
            -0.3773295283317566,
            -0.031191468238830566
        ],
        "max": [
            1.0,
            0.9414420127868652,
            1.065549612045288,
            0.27496272325515747,
            0.21539649367332458,
            0.43120408058166504,
            1.0108642578125
        ],
        "q01": [
            -0.7966118276119232,
            -0.7926938533782959,
            -0.73177849650383,
            -0.07116969600319863,
            -0.11839429810643196,
            -0.29388862401247023,
            -0.01152421236038208
        ],
        "q99": [
            0.9912883222103122,
            0.8538548171520237,
            0.9605666816234589,
            0.13740221560001403,
            0.12955681383609788,
            0.32526341378688955,
            0.9997746169567108
        ]
    },
    "timestamp": {
        "mean": [
            6.488677978515625
        ],
        "std": [
            4.216840744018555
        ],
        "min": [
            0.0
        ],
        "max": [
            25.950000762939453
        ],
        "q01": [
            0.10000000149011612
        ],
        "q99": [
            18.200000762939453
        ]
    },
    "frame_index": {
        "mean": [
            129.7735595703125
        ],
        "std": [
            84.33680725097656
        ],
        "min": [
            0.0
        ],
        "max": [
            519.0
        ],
        "q01": [
            2.0
        ],
        "q99": [
            364.0
        ]
    },
    "episode_index": {
        "mean": [
            226.1836700439453
        ],
        "std": [
            132.0933380126953
        ],
        "min": [
            0.0
        ],
        "max": [
            436.0
        ],
        "q01": [
            4.0
        ],
        "q99": [
            433.0
        ]
    },
    "index": {
        "mean": [
            53847.5
        ],
        "std": [
            31089.158203125
        ],
        "min": [
            0.0
        ],
        "max": [
            107695.0
        ],
        "q01": [
            1076.95
        ],
        "q99": [
            106618.05
        ]
    },
    "task_index": {
        "mean": [
            4.601879596710205
        ],
        "std": [
            3.0444116592407227
        ],
        "min": [
            0.0
        ],
        "max": [
            9.0
        ],
        "q01": [
            0.0
        ],
        "q99": [
            9.0
        ]
    }
}