{
  "task_id": 4,
  "episode_idx": 0,
  "task_description": "put the white mug on the left plate and put the yellow and white mug on the right plate",
  "num_successful_perturbed": 20,
  "trajectory_length": 226,
  "eiss_analysis": {
    "slope": 0.014355254507070727,
    "rho": 1.014458785986758,
    "r_squared": 0.6939117774122753,
    "contraction_ratio": 128.2685727995947,
    "intercept": -4.310578308688291,
    "is_decaying": false,
    "strong_eiss": false,
    "monotonic_ratio": 0.2843601895734597,
    "std_first_half": 0.02330098367290817,
    "std_second_half": 0.04491396311106582,
    "std_decreasing": false
  }
}