{
  "task_id": 0,
  "episode_idx": 0,
  "task_description": "put both the alphabet soup and the tomato sauce in the basket",
  "num_successful_perturbed": 20,
  "trajectory_length": 255,
  "eiss_analysis": {
    "slope": 0.014429418331525869,
    "rho": 1.014534024920048,
    "r_squared": 0.7482452231973706,
    "contraction_ratio": 341.5825625068079,
    "intercept": -4.305101297374919,
    "is_decaying": false,
    "strong_eiss": false,
    "monotonic_ratio": 0.29098360655737704,
    "std_first_half": 0.0325340453983047,
    "std_second_half": 0.13625790437804491,
    "std_decreasing": false
  }
}