{
  "task_id": 1,
  "episode_idx": 0,
  "task_description": "put both the cream cheese box and the butter in the basket",
  "num_successful_perturbed": 20,
  "trajectory_length": 246,
  "eiss_analysis": {
    "slope": 0.012132739251642509,
    "rho": 1.0122066395009142,
    "r_squared": 0.5704970855170564,
    "contraction_ratio": 410.37660424607856,
    "intercept": -3.4523241298872263,
    "is_decaying": false,
    "strong_eiss": false,
    "monotonic_ratio": 0.38095238095238093,
    "std_first_half": 0.03977764548796724,
    "std_second_half": 0.08456723119473032,
    "std_decreasing": false
  }
}