{
  "task_id": 9,
  "episode_idx": 0,
  "task_description": "put the yellow and white mug in the microwave and close it",
  "num_successful_perturbed": 20,
  "trajectory_length": 256,
  "eiss_analysis": {
    "slope": 0.011115247254900916,
    "rho": 1.0111772511321961,
    "r_squared": 0.7597988112750133,
    "contraction_ratio": 553.9377745681461,
    "intercept": -3.3556453446579524,
    "is_decaying": false,
    "strong_eiss": false,
    "monotonic_ratio": 0.1991701244813278,
    "std_first_half": 0.0527237221887581,
    "std_second_half": 0.19110026363619267,
    "std_decreasing": false
  }
}