{
    "observation.state": {
        "mean": [
            -0.023979106917977333,
            0.04882955178618431,
            0.8153640627861023,
            2.8767740726470947,
            -0.10518883913755417,
            0.02051972970366478,
            0.030267681926488876,
            -0.029035024344921112
        ],
        "std": [
            0.08788758516311646,
            0.13478419184684753,
            0.23299048840999603,
            0.3560161292552948,
            1.3153682947158813,
            0.24658390879631042,
            0.012429773807525635,
            0.012619207613170147
        ],
        "min": [
            -0.2255517989397049,
            -0.19292818009853363,
            0.4464276432991028,
            1.9182240962982178,
            -2.389061212539673,
            -0.9465941190719604,
            0.002080922480672598,
            -0.040542759001255035
        ],
        "max": [
            0.14497482776641846,
            0.28069165349006653,
            1.1925883293151855,
            3.197324514389038,
            2.6785688400268555,
            0.5203285217285156,
            0.04088433086872101,
            -0.001382688176818192
        ],
        "q01": [
            -0.22489968121051787,
            -0.18434862196445465,
            0.4478501057624817,
            1.9248823022842407,
            -2.3625252628326416,
            -0.8958667278289795,
            0.002084723860025406,
            -0.03998287796974182
        ],
        "q99": [
            0.13639482617378232,
            0.27637815952301026,
            1.1909055709838867,
            3.1916996479034423,
            2.674005651473999,
            0.4631917250156402,
            0.04033377036452293,
            -0.0014055680390447378
        ]
    },
    "action": {
        "mean": [
            0.04580668359994888,
            0.07776858657598495,
            -0.056328389793634415,
            0.006918917875736952,
            0.0018667118856683373,
            0.00013696640962734818,
            -0.08137786388397217
        ],
        "std": [
            0.24969574809074402,
            0.39641696214675903,
            0.4145258069038391,
            0.027864694595336914,
            0.05200706049799919,
            0.09062816202640533,
            0.9803760051727295
        ],
        "min": [
            -0.45005002617836,
            -0.8612294793128967,
            -0.8756663203239441,
            -0.06642410159111023,
            -0.1278538852930069,
            -0.35796886682510376,
            -1.004580020904541
        ],
        "max": [
            0.7675021886825562,
            0.8735775947570801,
            1.0379947423934937,
            0.1807761937379837,
            0.19060516357421875,
            0.42498892545700073,
            1.0437963008880615
        ],
        "q01": [
            -0.4145174217224121,
            -0.8102245354652404,
            -0.786497905254364,
            -0.043299508094787595,
            -0.10991805970668793,
            -0.32722140312194825,
            -0.9979123115539551
        ],
        "q99": [
            0.6684686517715454,
            0.8627488327026367,
            0.9922030878067015,
            0.11790667355060576,
            0.1557339799404144,
            0.4049544954299926,
            1.0252549743652344
        ]
    },
    "timestamp": {
        "mean": [
            5.77529764175415
        ],
        "std": [
            3.3703505992889404
        ],
        "min": [
            0.0
        ],
        "max": [
            12.399999618530273
        ],
        "q01": [
            0.10000000149011612
        ],
        "q99": [
            11.937999763488769
        ]
    },
    "frame_index": {
        "mean": [
            115.50594329833984
        ],
        "std": [
            67.40701293945312
        ],
        "min": [
            0.0
        ],
        "max": [
            248.0
        ],
        "q01": [
            2.0
        ],
        "q99": [
            238.76
        ]
    },
    "episode_index": {
        "mean": [
            1.4367567300796509
        ],
        "std": [
            1.1147902011871338
        ],
        "min": [
            0.0
        ],
        "max": [
            3.0
        ],
        "q01": [
            0.0
        ],
        "q99": [
            3.0
        ]
    },
    "index": {
        "mean": [
            462.0
        ],
        "std": [
            267.02435302734375
        ],
        "min": [
            0.0
        ],
        "max": [
            924.0
        ],
        "q01": [
            9.24
        ],
        "q99": [
            914.76
        ]
    },
    "task_index": {
        "mean": [
            1.4367567300796509
        ],
        "std": [
            1.1147902011871338
        ],
        "min": [
            0.0
        ],
        "max": [
            3.0
        ],
        "q01": [
            0.0
        ],
        "q99": [
            3.0
        ]
    }
}